"","x"
"1","#Trump 

Looking at #USElection2020 results again

#Biden won by 7 milliom votes
He got 51% to Trump's 47%

Even if… https://t.co/SfRZhQDUHe"
"2","Obama's terrorist program Pop up again Support for terrorist militias In Iran, Yemen, Syria Iraq and Lebanon
#Biden… https://t.co/F7r0eeyG9r"
"3","RT @OCOGlobal: China, Climate and Coronavirus are 3 of the key tasks for the Biden Administration. Our Commercial Director @GarethHagan exp…"
"4","A new study from @cardiffuni's @CrimeSecurityCU explores Chinese links to the spread of disinformation during and a… https://t.co/SyJLA0njqw"
"5","RT @bsindia: Under the zero tolerance policy, effective from April 2018 to June 2018, all adults who illegally entered the US, including th…"
"6","Under the zero tolerance policy, effective from April 2018 to June 2018, all adults who illegally entered the US, i… https://t.co/cniuSKicZi"
"7","RT @AishPaliwal: #USElection2020 
Joe Biden races ahead of Donald Trump in Georgia"
"8","RT @BayMads: HISTORY OF US PRESIDENTS:

<U+0001F474><U+0001F3FC><U+0001F474><U+0001F3FC><U+0001F474><U+0001F3FC><U+0001F474><U+0001F3FC><U+0001F474><U+0001F3FC><U+0001F474><U+0001F3FC><U+0001F474><U+0001F3FC><U+0001F474><U+0001F3FC><U+0001F474><U+0001F3FC><U+0001F474><U+0001F3FC><U+0001F474><U+0001F3FC><U+0001F474><U+0001F3FC><U+0001F474><U+0001F3FC><U+0001F474><U+0001F3FC><U+0001F474><U+0001F3FC><U+0001F474><U+0001F3FC><U+0001F474><U+0001F3FC><U+0001F474><U+0001F3FC><U+0001F474><U+0001F3FC><U+0001F474><U+0001F3FC><U+0001F474><U+0001F3FC><U+0001F474><U+0001F3FC><U+0001F474><U+0001F3FC><U+0001F474><U+0001F3FC><U+0001F474><U+0001F3FC><U+0001F474><U+0001F3FC><U+0001F474><U+0001F3FC><U+0001F474><U+0001F3FC><U+0001F474><U+0001F3FC><U+0001F474><U+0001F3FC><U+0001F474><U+0001F3FC><U+0001F474><U+0001F3FC><U+0001F474><U+0001F3FC><U+0001F474><U+0001F3FC><U+0001F474><U+0001F3FC><U+0001F474><U+0001F3FC><U+0001F474><U+0001F3FC><U+0001F474><U+0001F3FC><U+0001F474><U+0001F3FC><U+0001F474><U+0001F3FC><U+0001F474><U+0001F3FC><U+0001F474><U+0001F3FC><U+0001F474><U+0001F3FC><U+0001F468><U+0001F3FE><U+0001F921><U+0001F474><U+0001F3FC>.
#USEle…"
"9","RT @long_John_: IF @JoeBiden was Zimbabwen <U+0001F923><U+0001F923><U+0001F605><U+0001F605><U+0001F605> #USElection2020 #USPresidentialElections2020 #USElectionResults #CorruptJoeBiden #JoeBiden…"
"10","RT @Coin_Shark: HERE WE GO <U+2192> $600 GIVEAWAY!

3 winners $200 each <U+0001F4B5><U+0001F440>

1) like and RT this tweet <U+2764><U+FE0F><U+0001F501>
2) sign up https://t.co/MalQA8yUW3

Also…"
"11","""This is how we know what love is: Jesus Christ laid down his life for us"" (NIV Bible, 1 John 3:16a).

#uselection… https://t.co/2PD00S19aD"
"12","This is scary stuff! ##twitterbots spreading #fakenews about #USElection2020 https://t.co/yEwSmdkBWK"
"13","RT @BettinaForget: Data visualization insights:
Land doesn't vote. People do.
#USElection2020 https://t.co/MJWKPftOsx"
"14","RT @BettinaForget: Data visualization insights:
Land doesn't vote. People do.
#USElection2020 https://t.co/MJWKPftOsx"
"15","RT @masroorabbasi3: Heloooo @IvankaTrump 
i have some secret videos of @JoeBiden 
U can DM if u need 
your friend 
Mayam Nawaz 
@NawazShari…"
"16","Heloooo @IvankaTrump 
i have some secret videos of @JoeBiden 
U can DM if u need 
your friend 
Mayam Nawaz… https://t.co/4fgxj7XZ4Y"
"17","RT @WBGSExcellence: The talent of our students shines again. Read this great article from sixth former Nathan about the 2020 Presidential E…"
"18","#USElection2020 #Biden It’s quite sad to watch a superpower Country becoming something out of the Jerry Springer show..."
"19","RT @KathyConWom: ' . the various institutions (the media, the judiciary, the legislature, the states) which should have looked at the fraud…"
"20","RT @BettinaForget: Data visualization insights:
Land doesn't vote. People do.
#USElection2020 https://t.co/MJWKPftOsx"
"21","RT @NeelumNawab: Maine’s Susan Collins has been Reelected making it almost impossible for Democrats to win the Senate  #Democrats #USElecti…"
"22","RT @NeelumNawab: President Trump’s lead in Pennsylvania has become shaky from more than 10% points to less than 2 points.If Biden wins Penn…"
"23",".@Facebook to let researchers access #election ad #data.

#advertising #USElection2020 

https://t.co/VPYcp2XnIe"
"24","#TrumpAdministration 

Former secretary of state #MikePompeo joins #Conservative  #HudsonInstitute in #DC 
#pakustv… https://t.co/iio4jFwmsH"
"25","RT @ThaGuru_: Still the greatest proposal video I've ever watched on the internet.

#Icon #VALRMA Fajr #Borat #USElection2020
https://t.co/…"
"26","China, Climate and Coronavirus are 3 of the key tasks for the Biden Administration. Our Commercial Director… https://t.co/Qa9IQ2VE6R"
"27","RT @twistbyformatio: The King's Collections (White Howlite spun Gold )
.
Price: #3000 .

#SendADM today or chat / call via whatsapp@ 070686…"
"28","Dear @twittersupport please look into this tweet (and responses) as they are promoting false information about… https://t.co/wUito8xruL"
"29","RT @WIONews: On #Gravitas, watch former White House stenographer, Mike McCormick, speak to WION's @palkisu on #USElection2020 

Tonight | 9…"
"30","The @JusticeOIG has announced an investigation into whether prior members of the #DOJ attempted to alter the result… https://t.co/LZp35fytpD"
"31","@nytimes Someone put me right here, how can Trump be impeached when he is no longer president? #TrumpsLastDay #Trump #USElection2020"
"32","https://t.co/IYDy9jglEP

Nice 'cover' by #CapitolHill #PoliceChief 2a gr8 trap set 4 proTrumpers, who fell ri8 in2… https://t.co/UZYcjhVnNt"
"33","RT @chrisburke: ""You cannot go to a 7-Eleven or a Dunkin' Donuts unless you have a slight Indian accent. I'm not joking"" - Joe Biden

#USEl…"
"34","So The nuclear football is more important then Twitter handle <U+0001F926> #POTUS #USElection2020"
"35","RT @ixi0310: It was/is always about the #USElection2020 #trump and #climate #ClimateCrisis #ClimateEmergency (latter 3 still trending as us…"
"36","It was/is always about the #USElection2020 #trump and #climate #ClimateCrisis #ClimateEmergency (latter 3 still tre… https://t.co/OxVy4uvx4v"
"37","Comment of year <U+0001F923><U+0001F923><U+0001F923><U+0001F923>
#BidenHarris #Trump #USElection2020 https://t.co/A7OetrZQtX"
"38","Anyone who can't figure out what the connection is between ""My Pillow"" and #USPresidency hasn't been following the… https://t.co/CRv2lMd6m0"
"39","The talent of our students shines again. Read this great article from sixth former Nathan about the 2020 Presidenti… https://t.co/UGgpecg9zv"
"40","RT @BettinaForget: Data visualization insights:
Land doesn't vote. People do.
#USElection2020 https://t.co/MJWKPftOsx"
"41","RT @Yohanrealdeal: Sen. Bernie Sander's prediction need to be studied in any betting company. What a prediction <U+0001F632><U+0001F632><U+0001F632><U+0001F631><U+0001F631><U+0001F631><U+0001F631><U+0001F631><U+0001F631> exactly what's ha…"
"42","Now that Mr T is gone I thought I'd share again the article I wrote about my pupil's views after the… https://t.co/Jxu1lwWFkc"
"43","RT @kierans777: Putting Janet Yellen in as Secretary of Treasury means the Dems have learnt nothing from the GFC and Trump winning in 2016.…"
"44","RT @OzzyManReviews: This staircase is like a US election battleground state ay! <U+0001F399> crank ya sound. #ozzyman #ozzymanreviews #parentsvsstairs…"
"45","RT @bsindia: ""The Office of the Former President"" will manage Trump's correspondence, public statements, appearance and official activities…"
"46","""The Office of the Former President"" will manage Trump's correspondence, public statements, appearance and official… https://t.co/yhE1sZa8mh"
"47","RT @bsindia: ""The Office of the Former President"" will manage Trump's correspondence, public statements, appearance and official activities…"
"48","RT @bsindia: ""The Office of the Former President"" will manage Trump's correspondence, public statements, appearance and official activities…"
"49","""The Office of the Former President"" will manage Trump's correspondence, public statements, appearance and official… https://t.co/HhlzDd9VWb"
"50","What is the 25th Amendment? How can it be used to remove Trump? Check this out in this interesting blog.… https://t.co/M6epsvC40a"
"51","RT @davemacladd: the main takeaway from #USElection2020 which will embolden the Tories is that there is still a big, big market for absolut…"
"52","U.S. watchdog probing whether Justice Department officials tried to overturn election | CBC News… https://t.co/X08wW8m0Gm"
"53","RT @natashaboddy: Nearly 3 in 4 @FinancialReview readers say #Trump shouldn't be allowed to run for US President again. #politics #USElecti…"
"54","Nearly 3 in 4 @FinancialReview readers say #Trump shouldn't be allowed to run for US President again. #politics… https://t.co/MCr5c7souj"
"55","this was the greatest thing i seen from the #USelection2020 no question, filled up a place in my heart i needed to… https://t.co/WAIhjhQFD4"
"56","This is the World we live in now. Seriously, we really need to be careful of many so called men of God <U+2639><U+FE0F><U+2639><U+FE0F>… https://t.co/ETuKP4kV4y"
"57","In a comprehensive analysis of #DonaldTrump's defeat in #USElection2020,
Defence Analyst @GenAmjadShuaib belives th… https://t.co/DB4FvDrDEl"
"58","Another day, another stab at working out how on earth the value of a defamation lawsuit is calculated.

We asked ou… https://t.co/lsGcB0AcWw"
"59","It's getting serious #USElection2020
https://t.co/AP5DXrZlM0"
"60","@BorisJohnson and 45 president of #USA , @POTUS45 are in a #cafe after #USElection2020 for programming the future o… https://t.co/HgGsHYikkC"
"61","RT @ProfGuidoKuehn: Whoever wins #USElection2020 - it will certainly take more than one presidency to heal this deeply divided and frighten…"
"62","When will #Trump's followers accept the truth? @JoeBiden and @KamalaHarris won in a fair #USElection2020. https://t.co/ZmuTR5YlqT"
"63","RT @ShahlaaTahira: Back with my first live show of 2021 <U+0001F4FB> @RichieBrave &amp; myself discuss #uselection2020 #inauguration2021 &amp; what it all mea…"
"64","RT @BettinaForget: Data visualization insights:
Land doesn't vote. People do.
#USElection2020 https://t.co/MJWKPftOsx"
"65","RT @ShahlaaTahira: Back with my first live show of 2021 <U+0001F4FB> @RichieBrave &amp; myself discuss #uselection2020 #inauguration2021 &amp; what it all mea…"
"66","RT @ShahlaaTahira: Back with my first live show of 2021 <U+0001F4FB> @RichieBrave &amp; myself discuss #uselection2020 #inauguration2021 &amp; what it all mea…"
"67","Back with my first live show of 2021 <U+0001F4FB> @RichieBrave &amp; myself discuss #uselection2020 #inauguration2021 &amp; what it al… https://t.co/2RwihYo2YK"
"68","RT @OzzyManReviews: This staircase is like a US election battleground state ay! <U+0001F399> crank ya sound. #ozzyman #ozzymanreviews #parentsvsstairs…"
"69","RT @GlennBBC: “Accept the inevitable”

Scotland’s first minister <U+2066>@NicolaSturgeon<U+2069> thinks it’s time <U+2066>@realDonaldTrump<U+2069> puts ‘country before…"
"70","RT @NotRepulsion: Reasons why i love twitter - (""peacefully"")
#TrumpvsBiden #USElection2020 #Biden2020 https://t.co/8wWIh2E8Fi"
"71","RT @GlennBBC: “Accept the inevitable”

Scotland’s first minister <U+2066>@NicolaSturgeon<U+2069> thinks it’s time <U+2066>@realDonaldTrump<U+2069> puts ‘country before…"
"72","These ppl have lost their minds #USElection2020 #trumpers #MAGA #TreasonousTrump #CountryOverParty https://t.co/2XZLzSW2i3"
"73","Thank you Mr #Biden
#TrumpConceded
#JoeBiden
#USElection2020 https://t.co/FbG3IUZiPy"
"74","RT @OzzyManReviews: This staircase is like a US election battleground state ay! <U+0001F399> crank ya sound. #ozzyman #ozzymanreviews #parentsvsstairs…"
"75","#RachelLevine, assistant Heath Secretary, gets it. #USElection2020 #JoeBiden #Covid_19 #COVIDSecondWave… https://t.co/qHk4gZq1tH"
"76","RT @BettinaForget: Data visualization insights:
Land doesn't vote. People do.
#USElection2020 https://t.co/MJWKPftOsx"
"77","#USElection2020 Trump attempted coup In the month leading up to the Capitol Riot. NY Times <U+0001F92E><U+0001F92E><U+0001F92E>… https://t.co/wrfZcRtYou"
"78","1) During the #USElection2020 some of our media pundits were talking about the political polarization in the US (Re… https://t.co/nrznyeJaLK"
"79","RT @KathyConWom: ' . the various institutions (the media, the judiciary, the legislature, the states) which should have looked at the fraud…"
"80","About to go live with the bro @RichieBrave on @1Xtra join the discussion we’re talking all things #USElection2020 a… https://t.co/L7pY72vXSW"
"81","They made a story about people and situations like this, it’s called ‘the emperor’s clothes’ #PoliticsLive… https://t.co/X36V0Td79M"
"82","RT @aseemarora08: All eyes on Michigan now! <U+0001F440>
#USElection2020"
"83","Excited to share the latest addition to my #etsy shop: Men's Cultivator Zip Hoodie 

https://t.co/WwOdXOOK1o… https://t.co/MInM7QlXYj"
"84","RT @BettinaForget: Data visualization insights:
Land doesn't vote. People do.
#USElection2020 https://t.co/MJWKPftOsx"
"85","RT @BettinaForget: Data visualization insights:
Land doesn't vote. People do.
#USElection2020 https://t.co/MJWKPftOsx"
"86","RT @BettinaForget: Data visualization insights:
Land doesn't vote. People do.
#USElection2020 https://t.co/MJWKPftOsx"
"87","RT @orphansliberty: Orphans of Liberty: At this newsless time, let’s look at the National ... #USElection2020 https://t.co/s0nt8FHSvV"
"88","Orphans of Liberty: At this newsless time, let’s look at the National ... #USElection2020 https://t.co/s0nt8FHSvV"
"89","Someone said they feel like we’ve all just been released from a hostage situation, but to me it’s more like the hos… https://t.co/QMNzsP3w3G"
"90","RT @KathyConWom: ' . the various institutions (the media, the judiciary, the legislature, the states) which should have looked at the fraud…"
"91","RT @KathyConWom: ' . the various institutions (the media, the judiciary, the legislature, the states) which should have looked at the fraud…"
"92","Controversy in #SLvsENG - even the local wildlife have been belated affected by the #USElection2020 !! 
<U+0001F633>
Very litt… https://t.co/dsqSNwbtoR"
"93","RT @hjaltshul: Why did @theJeremyVine decide to give a platform to Nigel Farage today on @BBCRadio2 to talk about the #USElection2020 when…"
"94","RT @MillenniumTV: We are only half way through January and it already feels like it’s time for a reset! #Election2020 #USElection2020 #Bide…"
"95","RT @KathyConWom: ' . the various institutions (the media, the judiciary, the legislature, the states) which should have looked at the fraud…"
"96","RT @KathyConWom: ' . the various institutions (the media, the judiciary, the legislature, the states) which should have looked at the fraud…"
"97","RT @KathyConWom: ' . the various institutions (the media, the judiciary, the legislature, the states) which should have looked at the fraud…"
"98","RT @KathyConWom: ' . the various institutions (the media, the judiciary, the legislature, the states) which should have looked at the fraud…"
"99","RT @KathyConWom: ' . the various institutions (the media, the judiciary, the legislature, the states) which should have looked at the fraud…"
"100","' . the various institutions (the media, the judiciary, the legislature, the states) which should have looked at th… https://t.co/KqPpPRGeLI"
"101","Pluto returns to the same position in USA's birth chart after 246 years. What does it signify and mean for the coun… https://t.co/XN8SvQGpwV"
"102","#Biden He became president for $ 145 million. 145 million dollars were distributed by anonymous people to the suppo… https://t.co/xwV91f4E8M"
"103","@ChuckGrassley No one is stopping u or ur Trumpie from preaching ur crap ideology on any streetcorner u desire, ole… https://t.co/b1NbtVxqBk"
"104","RT @PressTV: ""US is in deep crisis!"": #DanCohen

Part: 1/2

#USElection2020 
@dancohen3000 https://t.co/BK5pe4LkoS"
"105","[<U+0001F9F5>2/3] 
Prior to #uselection2020 and the #Inauguration2021 Biden was perceived as ""too soft on China.""
The latest s… https://t.co/KbphVX3D5R"
"106","The majority are not necessarily always right, but in this case, even if we’re not the majority, it can’t be denied… https://t.co/6t9HC8gHhc"
"107","@RitaPanahi America has everything it deserves. Vote for stupid choices, get stupid prizes. #USElection2020"
"108","RT @Jonathan_1867: 65000 troops in DC aren't just there for a virtual inauguration are they? Is something else planned? #Trump #USElection2…"
"109","RT @ronbousso1: I found myself thinking about this book a lot in recent weeks. Sinclair Lewis thought it could happen in the US in the 1930…"
"110","I found myself thinking about this book a lot in recent weeks. Sinclair Lewis thought it could happen in the US in… https://t.co/Xkbktkwxgc"
"111","""... To all who received him [Jesus Christ], to those who believed in his name, he gave the right to become childre… https://t.co/q39PI452KY"
"112","RT @THEADVISORY3: This was how true love used to be until yahoo boys showed up...<U+0001F926><U+0001F61E>

#ManUnited | poch | Gowon | #USElection2020 https://t.…"
"113","RT @ixi0310: I fully believe #COVID19 , #china and the #USElection2020 are all parts of the same bird. I think once the latter is finally d…"
"114","#uselectionresults2020 #USElection2020 I am really interested to see a documentary that objectively examines the cl… https://t.co/jUBXK9PjBg"
"115","RT @Gtexthomes: Congratulations the 46th President of United States of America — Joe Biden
.
.
.
.
.
.
.
.
.
.
#gtexthomes #inaguration2021…"
"116","@Telegraph What is the 25th Amendment? How can it be used to remove Trump? Check this out in this interesting blog.… https://t.co/bTQDbCkXe9"
"117","RT @alessiorastani: The US Election, What will Happen and What I Got WRONG (and right) https://t.co/aHf5r6JSHZ [VIDEO] #USElection2020"
"118","RT @alessiorastani: You might NOT like this, but I am now hearing that once ALL the remaining votes are counted, Biden will likely squeeze…"
"119","RT @alessiorastani: Could This Shock Election Event SINK the Markets? https://t.co/ErIDrbBOGd [VIDEO] #USElection2020 #USElection"
"120","RT @alessiorastani: Can the Markets PREDICT who will the US Elections this year? Let's find out: https://t.co/GSLjhMVCoO [VIDEO].... #USEle…"
"121","After 4 years of #Trump, storming the #CapitolHill and now being detained at the federal facility, our dear… https://t.co/6A74UitHsZ"
"122","I couldn’t resist

#berniesmittens #BernieSanders #Berniememes #USElection2020 https://t.co/miVOwvVAKa"
"123","RT @Coin_Shark: HERE WE GO <U+2192> $600 GIVEAWAY!

3 winners $200 each <U+0001F4B5><U+0001F440>

1) like and RT this tweet <U+2764><U+FE0F><U+0001F501>
2) sign up https://t.co/MalQA8yUW3

Also…"
"124","2020 videogame!

#USElection2020 #COVID19 #Quarantine

https://t.co/roGDjh8OrE"
"125","#EXCLUSIVE 

#Trump says 'we'll do something' but 'not just yet' in first post-presidential remark 
#pakustv #NYC… https://t.co/yC1tDf5oP7"
"126","Representation matters #dkpol #usa #USElection2020 #us https://t.co/95b7AKuZMt"
"127","Unpopular fact. But #Kamala wasn’t voted to power by the people or even her party. It was given to her by an old white man. #USElection2020"
"128","Don't know whether I should laugh or cry <U+0001F926><U+200D><U+2640><U+FE0F><U+0001F92A>
#trumpistan #trumpidiots #USElection2020 https://t.co/i1R1Ryc7UT"
"129","How #Simpsons predictions are soo accurate <U+0001F937><U+0001F3FB><U+200D><U+2642><U+FE0F> do the makers of this show have a time machine ? <U+0001F633><U+0001F633>… https://t.co/ocUsm90MhZ"
"130","""'... What must I do to be saved?' They replied, 'Believe in the Lord Jesus [Christ], and you will be saved - you a… https://t.co/dgHAiwvFsh"
"131","After #USElection2020, new President @JoeBiden's  u-turn on things which he &amp; his party have chosen earlier but now… https://t.co/fINJhorOZ2"
"132","@sanjazakovska A different analogy...<U+0001F601>

#USElection2020 expectations vs #USElection2020 reality"
"133","@sanjazakovska A different analogy...<U+0001F601>

#USElection2020 expectations vs #USElection2020 reality"
"134","RT @PrBlueberry: It is really important to spell check. Today is a great example. Have you noticed increasing errors in media articles?

@N…"
"135","‘Joe Biden is not my President’ trends in India after this tweet – how it all started.
#JoeBidenIsNotMyPresident… https://t.co/DU5camDvBJ"
"136","First 100 Days: U.S.-Gulf Relations https://t.co/VIfDlsT2ts #USElection2020"
"137","RT @PressTV: ""US is in deep crisis!"": #DanCohen

Part: 1/2

#USElection2020 
@dancohen3000 https://t.co/BK5pe4LkoS"
"138","Modi govt must learn to use power or 2024 might be next #USElection2020."
"139","RT @HiddenTruth42: Trump won. I don't care what lies you've been told. Wake up, and look around you: this is still Trump Country. #USA #Tru…"
"140","It is really important to spell check. Today is a great example. Have you noticed increasing errors in media articl… https://t.co/HqeinxTx28"
"141","This is hilarious, tell me how this guy got the most votes ever and 80 million+. What a joke <U+0001F60F> #USElection2020… https://t.co/qf7UAc3YMc"
"142","RT @saul_osantana: my latest work: design the Oval Office.
#setdesign #broadcasting #tv #onair #design #newsdesign #USElection2020 @BILD @a…"
"143","RT @jurisdictio84: 1/ Joe #Biden greatest Presidential Speech! #USElection2020 https://t.co/kG6HF6L4ru"
"144","Yeah wasn’t it great to see this footage during the #USElection2020 campaign.., oh wait <U+0001F914> https://t.co/NsN6AFZpjv"
"145","Elizabeth Richter named interim head of CMS as Biden transitions to new era. #uselection2020 #kamalaharris… https://t.co/pTGxmux4ia"
"146","Micky Tripathi named by Biden administration to lead ONC #uselection2020 #kamalaharris #JoeBiden #USPresident… https://t.co/zsJzRyjVyZ"
"147","With #USElection2020 dust settled, I think it’s worth pointing out that #trump didn’t once question @JoeBiden, who… https://t.co/qywoIS5tFK"
"148","RT @rorybremner: Trump latest. That rant in full. #USAElections2020 #USElection2020 https://t.co/WiFJwJcuLh"
"149","RT @PeterWMurphy1: Q: How did Joe Biden steal the election?

A: He convinced 81 million Americans to vote for him!

#USElection2020 #USPoli…"
"150","RT @RichardCalderV: After the #USElection2020, We can see the observable truth of politics today

Trump lost like @jeremycorbyn lost the UK…"
"151","Q: How did Joe Biden steal the election?

A: He convinced 81 million Americans to vote for him!

#USElection2020 #USPolitics"
"152","@Telegraph @TheChrisPrice What is the 25th Amendment? How can it be used to remove Trump? Check this out in this in… https://t.co/AG3WN2Utks"
"153","RT @TheresaAFallon: German Der Spiegel’s take on outcome of #USElection2020 on right below.
Trump cover from 2017. https://t.co/qTkCXVx7CK"
"154","The lovely @CWBookshop will be co-hosting a livestream event with #JonSopel 7.30pm Thursday 28th Jan. Tickets from… https://t.co/vEU5KmIE12"
"155","RT @PressTV: ""US is in deep crisis!"": #DanCohen

Part: 1/2

#USElection2020 
@dancohen3000 https://t.co/BK5pe4LkoS"
"156","We hire seniors! <U+0001F496>

@BernieSanders @SenSanders
#BernieSanders #BernieSandersMittens #USElection2020
#usa https://t.co/q0nU0pEMtx"
"157","We hire seniors! <U+0001F496>

@BernieSanders @SenSanders
#BernieSanders #BernieSandersMittens #USElection2020 https://t.co/5cyI6Ceh0k"
"158","RT @PressTV: ""US is in deep crisis!"": #DanCohen

Part: 1/2

#USElection2020 
@dancohen3000 https://t.co/BK5pe4LkoS"
"159","RT @PressTV: ""US is in deep crisis!"": #DanCohen

Part: 1/2

#USElection2020 
@dancohen3000 https://t.co/BK5pe4LkoS"
"160","RT @PressTV: ""US is in deep crisis!"": #DanCohen

Part: 1/2

#USElection2020 
@dancohen3000 https://t.co/BK5pe4LkoS"
"161","RT @PressTV: ""US is in deep crisis!"": #DanCohen

Part: 1/2

#USElection2020 
@dancohen3000 https://t.co/BK5pe4LkoS"
"162","RT @PressTV: ""US is in deep crisis!"": #DanCohen

Part: 1/2

#USElection2020 
@dancohen3000 https://t.co/BK5pe4LkoS"
"163","RT @PressTV: ""US is in deep crisis!"": #DanCohen

Part: 1/2

#USElection2020 
@dancohen3000 https://t.co/BK5pe4LkoS"
"164","RT @PressTV: ""US is in deep crisis!"": #DanCohen

Part: 1/2

#USElection2020 
@dancohen3000 https://t.co/BK5pe4LkoS"
"165","RT @PressTV: ""US is in deep crisis!"": #DanCohen

Part: 1/2

#USElection2020 
@dancohen3000 https://t.co/BK5pe4LkoS"
"166","RT @PressTV: ""US is in deep crisis!"": #DanCohen

Part: 1/2

#USElection2020 
@dancohen3000 https://t.co/BK5pe4LkoS"
"167","RT @PresidentLebon: @realObonjo @Prof_Malhotra @JoeBiden I am French, Mr. President!
The #POTUS being the #LeaderOfTheFreeWorld we do care…"
"168","RT @RichardCalderV: After the #USElection2020, We can see the observable truth of politics today

Trump lost like @jeremycorbyn lost the UK…"
"169","After the #USElection2020, We can see the observable truth of politics today

Trump lost like @jeremycorbyn lost th… https://t.co/LHIiZkUY0g"
"170","""While I may be the first woman in this office, I won’t be the last""
- Kamala Harris

History is being made today t… https://t.co/PUEkQXKDpm"
"171","RT @PressTV: ""US is in deep crisis!"": #DanCohen

Part: 1/2

#USElection2020 
@dancohen3000 https://t.co/BK5pe4LkoS"
"172","Hey @Nigel_Farage how’s your old mate Don? Not heard from him for a few days. Worried he’s not okay. #DonaldTrump #USElection2020"
"173","The 2020 excellent performance of our 5 Trend &amp; Event Driven Selections (#GreenNewDeal, #medtech, #5g, #Covid,… https://t.co/QHTGNoWte9"
"174","RT @NeuroticSlacker: Bro wth our leader isn’t having it #Elections2020  #ElectionDay  #USElection #USElection2020  #electionmemes https://t…"
"175","RT @2000gsgaurav: The Joy of US media over Biden's victory in US elections resembles the same here in INDIA in 2014 for modi and we all kno…"
"176","RT @PressTV: ""US is in deep crisis!"": #DanCohen

Part: 2/2

#USElection2020 
@dancohen3000 https://t.co/sLD03oa3Jy"
"177","RT @PressTV: ""US is in deep crisis!"": #DanCohen

Part: 1/2

#USElection2020 
@dancohen3000 https://t.co/BK5pe4LkoS"
"178","RT @PressTV: ""US is in deep crisis!"": #DanCohen

Part: 2/2

#USElection2020 
@dancohen3000 https://t.co/sLD03oa3Jy"
"179","During the past four yrs, arrays of unexpected decisions made states to tackle with various storms! Indeed, #Biden… https://t.co/GW6h4FmmvQ"
"180","@paulmasonnews pirouetting in spectacular fashion! Tantalisingly close accepting the class dynamic in @LordAshcroft… https://t.co/ThOPnHsetm"
"181","RT @PressTV: ""US is in deep crisis!"": #DanCohen

Part: 1/2

#USElection2020 
@dancohen3000 https://t.co/BK5pe4LkoS"
"182","RT @PressTV: ""US is in deep crisis!"": #DanCohen

Part: 1/2

#USElection2020 
@dancohen3000 https://t.co/BK5pe4LkoS"
"183","RT @PressTV: ""US is in deep crisis!"": #DanCohen

Part: 2/2

#USElection2020 
@dancohen3000 https://t.co/sLD03oa3Jy"
"184","@HookeyGolfer @Twitter Also adds #LIKES to pedo @JoeBiden posts, 
Some go from zero likes to 800,000 in secs!
Just… https://t.co/1K7ZcY8m7H"
"185","RT @PressTV: ""US is in deep crisis!"": #DanCohen

Part: 2/2

#USElection2020 
@dancohen3000 https://t.co/sLD03oa3Jy"
"186","RT @PressTV: ""US is in deep crisis!"": #DanCohen

Part: 1/2

#USElection2020 
@dancohen3000 https://t.co/BK5pe4LkoS"
"187","RT @PressTV: ""US is in deep crisis!"": #DanCohen

Part: 2/2

#USElection2020 
@dancohen3000 https://t.co/sLD03oa3Jy"
"188","RT @PressTV: ""US is in deep crisis!"": #DanCohen

Part: 1/2

#USElection2020 
@dancohen3000 https://t.co/BK5pe4LkoS"
"189","RT @PressTV: ""US is in deep crisis!"": #DanCohen

Part: 1/2

#USElection2020 
@dancohen3000 https://t.co/BK5pe4LkoS"
"190","RT @PressTV: ""US is in deep crisis!"": #DanCohen

Part: 1/2

#USElection2020 
@dancohen3000 https://t.co/BK5pe4LkoS"
"191","""US is in deep crisis!"": #DanCohen

Part: 2/2

#USElection2020 
@dancohen3000 https://t.co/sLD03oa3Jy"
"192","""US is in deep crisis!"": #DanCohen

Part: 1/2

#USElection2020 
@dancohen3000 https://t.co/BK5pe4LkoS"
"193","RT @BettinaForget: Data visualization insights:
Land doesn't vote. People do.
#USElection2020 https://t.co/MJWKPftOsx"
"194","RT @orphansliberty: Orphans of Liberty: The Donald lays it out #USElection2020 https://t.co/nV2uaDOH5m"
"195","RT @orphansliberty: Orphans of Liberty: Are we back to Square One? #USElection2020 https://t.co/pjvnSCIkLi"
"196","Orphans of Liberty: The Donald lays it out #USElection2020 https://t.co/nV2uaDOH5m"
"197","Orphans of Liberty: Are we back to Square One? #USElection2020 https://t.co/pjvnSCIkLi"
"198","#JoeBiden #Trump #USElection2020 #JoeBidenInauguration 

JOE BIDEN IS NOT MY PRESIDENT!!! https://t.co/K0xHiwnvbE"
"199","WHO is suddenly very busy investigating various issues in regards with Covid19... now after the #USElection2020 has… https://t.co/UXPEtQGGPz"
"200","Inauguration Day passed off peacefully around the USA then? We are supposed to believe that it went from “Attempted… https://t.co/O9pqPZtQdY"
"201","Around a week after the #USElection2020 results came out, I was conversing with a colleague in the United States. O… https://t.co/BKcFnCgwqY"
"202","Excuse me how am I only just learning about Trump’s red #cokebutton now?

#priorities #USElection2020 #trumpgone"
"203","#Trump yet has a massive following that believes the #USElection2020 was rigged. https://t.co/gMGTduEyUv"
"204","RT @espressoinvest: What does the Biden presidency hold for India and Indian Markets going ahead? Read on to know all about it! 
https://t.…"
"205","Kamala Harris credits mom for her success

#USElection2020 #USPresidentialElection #JoeBiden… https://t.co/Ujn9J5vxSC"
"206","RT @riserefugee: Regardless of who wins the US elections, apart from US citizens, we non-US citizens, particularly from non OECD countries…"
"207","RT @riserefugee: Regardless of who wins the US elections, apart from US citizens, we non-US citizens, particularly from non OECD countries…"
"208","How U.S elects its President | How U.S Presidential Election Works

#USElection2020 #election2020 #USAElections2020 https://t.co/WGNM4oO1HB"
"209","Thank #god sensible intelligent people are in charge now @JoeBiden #USElection2020"
"210","RT @BettinaForget: Data visualization insights:
Land doesn't vote. People do.
#USElection2020 https://t.co/MJWKPftOsx"
"211","""... God so loved the world that he gave his one and only Son [Jesus Christ], that whoever believes in him shall no… https://t.co/PUiohut7ua"
"212","YOU CAN'T GIVE WHAT YOU DON'T HAVE - Humility and compassion are innately generated, you can't pretend about them -… https://t.co/mzqu1ECHyk"
"213","RT @BettinaForget: Data visualization insights:
Land doesn't vote. People do.
#USElection2020 https://t.co/MJWKPftOsx"
"214","RT @BettinaForget: Data visualization insights:
Land doesn't vote. People do.
#USElection2020 https://t.co/MJWKPftOsx"
"215","Thought you might be interested in some #inauguration and #uselection2020 data SleepScore Labs shared today #sleep… https://t.co/7E8SjQxI5u"
"216","RT @empire_bread: Are you an artist? base in Abuja? Do you need a Studio to record your song. Enjoy our 50% December promo. Contact us @4th…"
"217","RT @empire_bread: Are you an artist? base in Abuja? Do you need a Studio to record your song. Enjoy our 50% December promo. Contact us @4th…"
"218","RT @empire_bread: Are you an artist? base in Abuja? Do you need a Studio to record your song. Enjoy our 50% December promo. Contact us @4th…"
"219","RT @womenlovetech: <U+0001F44F> Madam Vice President 

#kamalaharris #congress #uselection #uselection2020 #whitehouse #biden #femaleempowerment #fema…"
"220","RT @jackwhitehall: If they both end up with the same number of electoral college votes does it go to a super over? #USElection2020"
"221","Great read: Nonviolent Activists Laid the Groundwork to Oppose a Coup. They May Have Saved the Republic. Thanks for… https://t.co/RIrHYFbz1C"
"222","The #USElection2020 was obviously a fraud. They try to convince us that Kanye West got under 1% of votes? They real… https://t.co/jzS1Rk1Blg"
"223","RT @ThaGuru_: Still the greatest proposal video I've ever watched on the internet.

#Icon #VALRMA Fajr #Borat #USElection2020
https://t.co/…"
"224","Highlights from a presidential inauguration like no other @TheCanaryUK https://t.co/0CtrA18B8X #Trending #US… https://t.co/YAVj6FFpzf"
"225","RT @womenlovetech: <U+0001F44F> Madam Vice President 

#kamalaharris #congress #uselection #uselection2020 #whitehouse #biden #femaleempowerment #fema…"
"226","RT @BettinaForget: Data visualization insights:
Land doesn't vote. People do.
#USElection2020 https://t.co/MJWKPftOsx"
"227","RT @BettinaForget: Data visualization insights:
Land doesn't vote. People do.
#USElection2020 https://t.co/MJWKPftOsx"
"228","RT @BettinaForget: Data visualization insights:
Land doesn't vote. People do.
#USElection2020 https://t.co/MJWKPftOsx"
"229","RT @MukiibiH_NV: #McGregorPoirier fight  will no doubt unite millions!
@Jadwong  something 'lighter"" after #UGDecides2021 #USElection2020"
"230","@abhijitsapkal1 A relevant question for all those people trending #TrumpGoneModiNext?

Do the ""reasons"" for which… https://t.co/PTTI8usgWc"
"231","RT @__iamdamian: How Many Likes and Retweets for this champ @KamalaHarris .

First Ever Female US vice President

Let's do 100k+ <U+0001F495>
#USElect…"
"232","RT @crikey_news: Few were enthusiastic about Joe Biden's candidacy for president. Here are the challenges he'll need to cover to prove them…"
"233","RT @HiddenTruth42: Trump won. I don't care what lies you've been told. Wake up, and look around you: this is still Trump Country. #USA #Tru…"
"234","#McGregorPoirier fight  will no doubt unite millions!
@Jadwong  something 'lighter"" after #UGDecides2021 #USElection2020"
"235","RT @UsamaWajid22: Trump: I don't want to go from white house.
But sir you have to.. <U+0001F602><U+0001F923><U+0001F923>
#TrumpMeltdown 
#USElection2020 #USAelection2020 #U…"
"236","This was just shared in my company meeting: https://t.co/zU5V8vgh1F

With some of the world's views being more pola… https://t.co/C7nhsyHqoy"
"237","@Ian64 But it wasn’t Alt-Right on the Night was it Nige?
#USElection2020"
"238","Scott Thompson commentary: Podcast @AM900CHML 
https://t.co/Is24drpMfz
#HamOnt #USElection2020 #Trump #TrumpSeriesFinale"
"239","@khamenei_ir Oh no, @JoeBiden and @KamalaHarris were condemned by @khamenei_ir in the #USElection2020."
"240","RT @cpersiacom: #BernieSanders' Mittens Won the Inauguration Fit Battle ! <U+0001F609>
#persianrug #persiancarpet 
#uselection2020 #rug
#CPERSIA- #Car…"
"241","#BernieSanders' Mittens Won the Inauguration Fit Battle ! <U+0001F609>
#persianrug #persiancarpet 
#uselection2020 #rug… https://t.co/OyylfEAat6"
"242","RT @A7medJa7af: What the #USElection2020 means for #Yemen?

By @LatuffCartoons 
@MintPressNews https://t.co/1sGfkY7E0q"
"243","RT @Coin_Shark: HERE WE GO <U+2192> $600 GIVEAWAY!

3 winners $200 each <U+0001F4B5><U+0001F440>

1) like and RT this tweet <U+2764><U+FE0F><U+0001F501>
2) sign up https://t.co/MalQA8yUW3

Also…"
"244","The Inauguration Of President Joe Biden
https://t.co/CBPpgQc9O2
#Biden #JoeBiden #Inauguration2021 #InaugurationDay… https://t.co/KqNZxfccDn"
"245","Shey @realFFK contest for #USElection2020 ? https://t.co/XXEiXCG6cD"
"246","Here are the best 18 things I have read/watched/heard through this #USElection2020 period - there's some amazing wo… https://t.co/UGzB1jdqF6"
"247","RT @espressoinvest: What does the Biden presidency hold for India and Indian Markets going ahead? Read on to know all about it! 
https://t.…"
"248","What does the Biden presidency hold for India and Indian Markets going ahead? Read on to know all about it!… https://t.co/JkXCfwGT79"
"249","Why did @theJeremyVine decide to give a platform to Nigel Farage today on @BBCRadio2 to talk about the… https://t.co/TxmphPhgYz"
"250","My World Geography Quiz app that I'm addicted to usually only does updates every few months at most. It made an exc… https://t.co/MtKhRm1QnC"
"251","Unity! Inauguration... Unity... Day! <U+0001F1FA><U+0001F1F8> (unity!)
... Did I say ""Unity""?

https://t.co/RiU7xR02uf

#JoeBiden… https://t.co/mxzDAqy35E"
"252","RT @IamHBI: I promise you, as President - <U+0001D470><U+0001D494><U+0001D48D><U+0001D482><U+0001D48E> is going to be treated like every other confessional Faith, I really mean it"" 
- <U+0001D409><U+0001D428><U+0001D41E> <U+0001D401><U+0001D422><U+0001D41D><U+0001D41E><U+0001D427>…"
"253","After President Joe Biden was sworn into office, his administration immediately began undoing his Trump’s policies… https://t.co/Qge1ROEnAk"
"254","Joe Biden is not my president.
#USCapitol #USElection2020 #USInauguration"
"255","This Presidential Term seems to be just a launchpad for the actual ""First Ever for America"" to come...… https://t.co/1EZVQt7cvC"
"256","Biden calls for unity against the working class- the stock markets rise.
@SEP_Manchester 
#BidenHarrisInauguration… https://t.co/86cglKE5Hx"
"257","RT @Iamykona: Uncensored The D Anthem<U+0001F4A5> @Raybekah_ <U+0001F98B> 
Link below

https://t.co/ory1CcnrRQ

#EricaPepperDem #LayconLookAtMe #NengiIsComing  J…"
"258","RT @PaperandPatter: Today is a good day.

#bidenharrisinauguration #inauguration #46 #46thpresident #joebiden #election #election2020 #USel…"
"259","Come on! It was not that difficult!

#JoeBiden #InaugurationDay #Inauguration2021 #Inauguration… https://t.co/6CPCyr9dFO"
"260","The MD and founder of Tomcat, Bob Griffin was on @BBCGlos this morning discussing the opportunities and challenges… https://t.co/JFJj6QugWL"
"261","Trump won. I don't care what lies you've been told. Wake up, and look around you: this is still Trump Country. #USA… https://t.co/gQ1AD6ZFmg"
"262","RT @EDBaranya: <U+0001F1ED><U+0001F1FA> Prime Minister Orbán Viktor congratulates <U+0001F1FA><U+0001F1F8> President Joe Biden: ""The past four years have proved that friendly and mutu…"
"263","It's Joe. Bye, Don...
#POTUS #JoeBiden #USElection2020 #sarcaustic #sarcastic"
"264","Here's to the first woman, black and Indian stepping in the @whitehouse elected.

Congratulations @joebiden &amp;… https://t.co/OWSun6h82T"
"265","<U+0001F1ED><U+0001F1FA> Prime Minister Orbán Viktor congratulates <U+0001F1FA><U+0001F1F8> President Joe Biden: ""The past four years have proved that friendly… https://t.co/EUTEthj9uA"
"266","RT @UrbanLo: Democracy is the ability to vote a failed government and incompetent leaders out of power. #democracy #USElection2020 #DonaldT…"
"267","RT @UrbanLo: Democracy is the ability to vote a failed government and incompetent leaders out of power. #democracy #USElection2020 #DonaldT…"
"268","Democracy is the ability to vote a failed government and incompetent leaders out of power. #democracy… https://t.co/t8AJUcwETc"
"269","US President Joe Biden signed a series of executive actions to reverse the policies of Donald Trump administration… https://t.co/1UqglGgpZW"
"270","Orphans of Liberty: Never appease, never backslide on your commitments #USelection2020 https://t.co/E5q0Dbnigp"
"271","Hey! Did I miss anything? #MAGA #USA #USElection2020  #ByeTrump https://t.co/qdn5wDKAGl"
"272","@McFaul Michael, take a look at this ... what do you think? At the very least, it probably reveals why Rudy won't b… https://t.co/JQfMwX9ysD"
"273","Will U.S.-China Relations Change Under #Biden? We speak to Fmr U.S. government official Kim Hoggard… https://t.co/EiyBF34e5M"
"274","Congratulations the 46th President of United States of America — Joe Biden
.
.
.
.
.
.
.
.
.
.
#gtexthomes… https://t.co/OS7yfRDX2L"
"275","Congratulations the 46th President of United States of America — Joe Biden
.
.
.
.
.
.
.
.
.
.
#gtexthomes… https://t.co/7jL1A9QeeF"
"276","Not a typical RE post, on this one of the most atypical days I can remember.

Definitely a must watch, if you haven… https://t.co/UgMEuLQShJ"
"277","@ProjectLincoln 12 noon. Wednesday. January 20, 2021. USA. By then (pardon the pun), Donald J. Trump is gone.… https://t.co/PSPRovmUZk"
"278","Congratulations Americans. You did it.

#dumptrump2020 #joebiden2020 #unitedstates #uselection2020 

https://t.co/JcnfIgwCOi"
"279","Congratulations Americans. You did it.

#dumptrump2020 #joebiden2020 #unitedstates #uselection2020 

https://t.co/vUepDmki0y"
"280","RT @noahgodwin13: Another burnol moment for Librandus and PISSfulls who are jumping in India after #Bidens &amp; #KamalaHarris victory in the U…"
"281","RT @noahgodwin13: Another burnol moment for Librandus and PISSfulls who are jumping in India after #Bidens &amp; #KamalaHarris victory in the U…"
"282","Another burnol moment for Librandus and PISSfulls who are jumping in India after #Bidens &amp; #KamalaHarris victory in… https://t.co/C0p1gH3acA"
"283","The entire #USElection2020 was watched by my Dad like a teenage girl watching keeping up with the Kardashians <U+0001F602>"
"284","“#Gutpunch “ really @jkenney ?#Alberta You guys were sleeping? Or were hoping for a miracle that #USElection2020 re… https://t.co/0xG3nSkYVR"
"285","Question now the #USElection2020 is over.  Melania will be divorced within 12 months #Trump #MAGA #MelaniaTrump"
"286","A black woman is now US Vice President, racism is now officially defeated. 
#USElection2020 #Biden #Harris #KamalaHarris"
"287","Few were enthusiastic about Joe Biden's candidacy for president. Here are the challenges he'll need to cover to pro… https://t.co/2610MXeyXB"
"288","RT @PaperandPatter: Today is a good day.

#bidenharrisinauguration #inauguration #46 #46thpresident #joebiden #election #election2020 #USel…"
"289","US to rejoin #ParisAgreement &amp; rolled back emission standards + more. A big step in #ClimateAction as world's 2nd l… https://t.co/6lKvNWS2g9"
"290","12 noon, Wednesday, January 20, 2021; by then, Trump is gone. #BidenHarris2020 #USElection2020 https://t.co/1W5ew4MjxG"
"291","RT @srbaeksa: @oranglaut The global threat of far-left wing  socialist nut-jobs &amp; their #BLMAntifaTerroristThugs is now upon us

The coordi…"
"292","@oranglaut The global threat of far-left wing  socialist nut-jobs &amp; their #BLMAntifaTerroristThugs is now upon us… https://t.co/QEB3e75uNe"
"293","#WORLD_UPDATE
<U+0001F7E3>US Senate confirms Avril Haines as director of national intelligence.

#USA #JoeBiden #USElection2020"
"294","Today is a good day.

#bidenharrisinauguration #inauguration #46 #46thpresident #joebiden #election #election2020… https://t.co/kJgNLH3fB1"
"295","<U+0001F44F> Madam Vice President 

#kamalaharris #congress #uselection #uselection2020 #whitehouse #biden #femaleempowerment… https://t.co/ues6yXinMp"
"296","RT @ph4ntombr4in: Exciting day for all of #USA and @JoeBiden and @KamalaHarris . A new age will hopefully begin. Much love to all of USA fr…"
"297","Here comes the #USElection2020 hangover. #BuckleUp"
"298","RT @dzaneza: If there is anything I have learned from the #USElection2020, is that whoever controls mass media and social media controls th…"
"299","@JoeBiden Yes because you stole the #USElection2020 #Trump4Ever"
"300","RT @__Prasoon_: I love you Twitter. #Election2020 #USElection2020 #ElectionDay https://t.co/PAbeTJCBy7"
"301","#Americast How many of the 74 million people who voted for Donald Trump actually believe the #USElection2020 was stolen?"
"302","A sad day for all american comedians. #USElection2020"
"303","#BREAKINGNEWS: #USA HAVE A REAL PRESIDENT NOW https://t.co/vvwvKBMEa5
Congratulation USA, be very welcome back to t… https://t.co/cGTSaS8yHV"
"304","Congrats @JoeBiden &amp; @KamalaHarris.  Wish you all the best...

#46thPresident 
#USElection2020"
"305","RT @BayMads: HISTORY OF US PRESIDENTS:

<U+0001F474><U+0001F3FC><U+0001F474><U+0001F3FC><U+0001F474><U+0001F3FC><U+0001F474><U+0001F3FC><U+0001F474><U+0001F3FC><U+0001F474><U+0001F3FC><U+0001F474><U+0001F3FC><U+0001F474><U+0001F3FC><U+0001F474><U+0001F3FC><U+0001F474><U+0001F3FC><U+0001F474><U+0001F3FC><U+0001F474><U+0001F3FC><U+0001F474><U+0001F3FC><U+0001F474><U+0001F3FC><U+0001F474><U+0001F3FC><U+0001F474><U+0001F3FC><U+0001F474><U+0001F3FC><U+0001F474><U+0001F3FC><U+0001F474><U+0001F3FC><U+0001F474><U+0001F3FC><U+0001F474><U+0001F3FC><U+0001F474><U+0001F3FC><U+0001F474><U+0001F3FC><U+0001F474><U+0001F3FC><U+0001F474><U+0001F3FC><U+0001F474><U+0001F3FC><U+0001F474><U+0001F3FC><U+0001F474><U+0001F3FC><U+0001F474><U+0001F3FC><U+0001F474><U+0001F3FC><U+0001F474><U+0001F3FC><U+0001F474><U+0001F3FC><U+0001F474><U+0001F3FC><U+0001F474><U+0001F3FC><U+0001F474><U+0001F3FC><U+0001F474><U+0001F3FC><U+0001F474><U+0001F3FC><U+0001F474><U+0001F3FC><U+0001F474><U+0001F3FC><U+0001F474><U+0001F3FC><U+0001F474><U+0001F3FC><U+0001F474><U+0001F3FC><U+0001F474><U+0001F3FC><U+0001F468><U+0001F3FE><U+0001F921><U+0001F474><U+0001F3FC>.
#USEle…"
"306","Joe Biden will be sworn in as the 46th president of the United States later today, assuming the helm of a country b… https://t.co/1khBqsU5iw"
"307","Donald Trump left this letter for Joe Biden in the White House <U+0001F606>
#DonaldTrump 
#JoeBiden 
#USElection2020 https://t.co/UwM0TE661R"
"308","Watching USA recent presidential candidates' age and I think that if that trend remains, the next elections will be… https://t.co/ytjbvPrW8H"
"309","Humans have a tendency to envy on others happiness.... They also celebrate it like their own , hoping it is their o… https://t.co/jWowbnJ6pU"
"310","RT @sanasyr6: Today, the first thing comes to mind is that ""maybe"" now my mother and sisters will be able to see where I live and our famil…"
"311","RT @BettinaForget: Data visualization insights:
Land doesn't vote. People do.
#USElection2020 https://t.co/MJWKPftOsx"
"312","""You know the message God sent to the people of Israel [and now to all people including to all Americans], announci… https://t.co/Rq9LEANQw2"
"313","Even when it involves taking the lives of the masses. Tell me how do you expect to have a smooth administration of… https://t.co/To3rQy3ajE"
"314","So what's the latest with the military tribunals?
#USElection2020 #USJustice #USMilitary #MAGA"
"315","Felicitation, at the inauguration ceremony the President-elect Joe Biden and Vice President Kamala Harris have swor… https://t.co/zSw8L02R7C"
"316","RT @ThisIsCMBarnes: ""You're either good or you are evil,
You play a prick and there's no sequel,
And that's the will of the people""

#TheDr…"
"317","RT @BettinaForget: Data visualization insights:
Land doesn't vote. People do.
#USElection2020 https://t.co/MJWKPftOsx"
"318","If there is anything I have learned from the #USElection2020, is that whoever controls mass media and social media… https://t.co/rU5f0UxIzP"
"319","Congratulations to Mr. Joe Biden, the US President. It was overwhelming to watch the speakers ceremony of great val… https://t.co/Kss3aM8Jqk"
"320","RT @o_franco_aleman: <U+0001F923>

La Femme 
Welcome #America 

https://t.co/xmlYQDITpP via @YouTube 

#musique #music #musicvideo #french #USElection…"
"321","So USA got their new president, congrats @JoeBiden and god bless America.#USElection2020 was a hell of an election.… https://t.co/3w5Yv7hia3"
"322","(Must Read): Former American President Donald Trump Last Statement ~ Matters Arising 

#BidenHarrisInauguration… https://t.co/YU896pzDoR"
"323","Throughout the #USElection2020 i said i eould believe the change when i see Biden take oath.

It happened. Unbelievably it happened"
"324","Say what you like about #Trump but watching him makes me laugh. It is entertaining, don't you think?? #USElection2020"
"325","Cheers President Biden and the first woman Vice President. #bidenharris #uselection2020<U+0001F1FA><U+0001F1F8> https://t.co/27m8lZzpsU"
"326","Does the new US administration really offer hope, compassion and decency? Prior to the #USElection2020, Joe Biden p… https://t.co/3PcIfz3LWS"
"327","RT @sanasyr6: Today, the first thing comes to mind is that ""maybe"" now my mother and sisters will be able to see where I live and our famil…"
"328","RT @Geeta_Mohan: . @DrSJaishankar on #USElection2020 
After Trump won, to US audience: analyse on why such a change came about.
To Indian a…"
"329","Funny them yanks, none of them have a clue, not saying Trump was the answer but I'll tell you now Biden definitely isn't #USElection2020"
"330","RT @mattwareham: During #USElection2020 @DanielRosney and I were in Louisiana and Texas talking to real people.

Their thoughts ahead of Bi…"
"331","RT @Iamykona: Uncensored The D Anthem<U+0001F4A5> @Raybekah_ <U+0001F98B> 
Link below

https://t.co/ory1CcnrRQ

#EricaPepperDem #LayconLookAtMe #NengiIsComing  J…"
"332","On this day, A new hope has been made.
Let's celebrate a new journey that will be written in American history for g… https://t.co/jBQLfnzfLU"
"333","RT @svnwnk: #ClownDown - finally!
#USElection2020"
"334","Joe Biden giving a speech the way a president should. After 4 years of self centred, angry, divisive Trump speeches… https://t.co/mQvFlPpmz3"
"335","""The right to dissent peacefully"" - WORDS <U+0001F49F>#BidenHarris #inaugrationday #USElection2020"
"336","Congratulations idiots. #USElection2020"
"337","#UPDATE | Kamala Harris makes history, sworn in as the first woman Vice President of #USA 

#KamalaHarris #USElection2020"
"338","#InaugurationDay ""Us crossroad"" (Italian) documentary about the #USElection2020 is now available online.

Here I ta… https://t.co/xAcT2iua2K"
"339","RT @AudreyEager: The Zoom Call is back for  #InaugurationDay @JoeBiden @KamalaHarris @CNN #CNNElection  #USElection2020 @PabloOHana @hannah…"
"340","#EndPoliceBrutality #EndSARS #EndBadGoveranceInNigeria #EndSWAT #EndBadGovernanceinNIGERIA #davido #Burnaboy… https://t.co/peCPYLS8eR"
"341","Get in there Biden - time to undo some of the last 4 years <U+0001F1FA><U+0001F1F8> <U+0001F1FA><U+0001F1F8> <U+0001F1FA><U+0001F1F8> #USElection2020 #ByeByeTrump"
"342","Least America is back in Safer hands! #America #USElection2020 #BidenHarrisInauguration W"
"343","Come on Joe, back of the net!! President Biden! Fucking ace. #USElection2020"
"344","The Zoom Call is back for  #InaugurationDay @JoeBiden @KamalaHarris @CNN #CNNElection  #USElection2020 @PabloOHana… https://t.co/CSba6Nhzow"
"345","Jennifer Lopez sings at President Joe Biden Inauguration

#JenniferLopez #USElection2020 #joebiden https://t.co/Z7eatlqp5M"
"346","#USElection2020 lady gaga’s rendition of the Star spangled banner <U+0001F1FA><U+0001F1F8> is awesome!  @ladygaga"
"347","Lady GaGa sings National Anthem in Joe Biden President Inauguration

#USElection2020 #ladyGaGa https://t.co/xEKPbLmYGX"
"348","What on earth is lady gaga wearing <U+0001F914><U+0001F914> #BidenHarrisInauguration #USElection2020 #BidenHarris2020"
"349","RT @arctikasylum: @JoeBiden  @realDonaldTrump Congratulations! Goodbye, Cheeto man! Don't let the door hit you on the way out! #JoeBiden #U…"
"350","Lady Gaga fairly blasted that out I’m now in tears. #USElection2020"
"351","#JoeBiden Being inaugurated today as the 46th US President POTUS . Congs <U+0001F4AA> #USElection2020 https://t.co/TzLaRzxGr7"
"352","See Ya Donald, you definitely won’t be missed!! #DonaldJTrump #USElection2020"
"353","RT @ph4ntombr4in: Exciting day for all of #USA and @JoeBiden and @KamalaHarris . A new age will hopefully begin. Much love to all of USA fr…"
"354","Exciting day for all of #USA and @JoeBiden and @KamalaHarris . A new age will hopefully begin. Much love to all of… https://t.co/A6xBhtO6jS"
"355","#PresidentElectBiden has a massive job ahead of him when inaugurated today. The US is so polarised at the moment...… https://t.co/XZLYgvEgvt"
"356","Day 13 and 14 of 66

Made a data model for US election data on PowerBi

#66daysofdata #DataScience #MSPowerBi #USElection2020"
"357","""Taxi for Trump"" As the new president is getting sworn in, the previous one is waiting for his taxi!… https://t.co/THaHY2SPIB"
"358","Follow live coverage of the transition of power in the United States from Donald Trump to Joe Biden
#UsElection2020… https://t.co/whnS2YLfaT"
"359","RT @CarlowCollege: Have a listen back to this great piece on KCLR96FM with @EricDerr talking to @suenunnradio about #JoeBiden reaching the…"
"360","RT @CarlowCollege: Have a listen back to this great piece on KCLR96FM with @EricDerr talking to @suenunnradio about #JoeBiden reaching the…"
"361","RT @ronbrown01: What a way to top off my year in the USA. Best seats in the house, with @NickBryantNY and legendary BBC cameraman Ron Skean…"
"362","RT @DuaSahildua1: @Reuters What is the 25th Amendment? How can it be used to remove Trump? Check this out in this interesting blog. https:/…"
"363","Well done @SkyNews leaving the mics up to find out what your presenters really think of the #USElection2020… https://t.co/RDZvh5XLdW"
"364","RT @Geeta_Mohan: . @DrSJaishankar on #USElection2020 
After Trump won, to US audience: analyse on why such a change came about.
To Indian a…"
"365","@Reuters What is the 25th Amendment? How can it be used to remove Trump? Check this out in this interesting blog.… https://t.co/CgaFJDhqT3"
"366","@GaryBarlow happy birthday Grandpa! How do you feel about such a milestone birthday falling on such a historic inau… https://t.co/nCgqOQjQms"
"367","RT @startimesghana: US PRESIDENTIAL INAUGURATION

Watch the inauguration of Joe Biden as the 46th president of the United States of America…"
"368","RT @EconomicTimes: US Election results: Crowd gathers at iconic Times Square in New York to celebrate Joe Biden's win | LIVE UPDATES - http…"
"369","#NightmareIsOver? This mock @nytimes frontpage was widely circulated in mid-2020 before #USElection2020. 
[Its crea… https://t.co/TOmbAslyam"
"370","RT @sanasyr6: Today, the first thing comes to mind is that ""maybe"" now my mother and sisters will be able to see where I live and our famil…"
"371","RT @sanasyr6: Today, the first thing comes to mind is that ""maybe"" now my mother and sisters will be able to see where I live and our famil…"
"372","What a way to top off my year in the USA. Best seats in the house, with @NickBryantNY and legendary BBC cameraman R… https://t.co/WvNfeVAxi3"
"373","When will newsreaders from #itvnews #bbcnews #channel4news &amp; #skynews stop repeating the amount of votes the #loser… https://t.co/CuBTQhOkQj"
"374","RT @sanasyr6: Today, the first thing comes to mind is that ""maybe"" now my mother and sisters will be able to see where I live and our famil…"
"375","RT @TheresaAFallon: German Der Spiegel’s take on outcome of #USElection2020 on right below.
Trump cover from 2017. https://t.co/qTkCXVx7CK"
"376","#Inauguration2021: @POTUS follows tradition, leaves note for @JoeBiden 
#KamalaHarris #USElection2020 
 https://t.co/8bxbG7kF7z"
"377","It seems that 'innocent until proven guilty' applies to the #USElection2020. Did authorities really investigate or check all the ballots?"
"378","RT @sanasyr6: Today, the first thing comes to mind is that ""maybe"" now my mother and sisters will be able to see where I live and our famil…"
"379","@JoeBiden Congrats to America for having a Corrupted system in a new wrap.
#America #democracy #USElection2020"
"380","RT @sanasyr6: Today, the first thing comes to mind is that ""maybe"" now my mother and sisters will be able to see where I live and our famil…"
"381","RT @sanasyr6: Today, the first thing comes to mind is that ""maybe"" now my mother and sisters will be able to see where I live and our famil…"
"382","Today, the first thing comes to mind is that ""maybe"" now my mother and sisters will be able to see where I live and… https://t.co/s94OzIphwq"
"383","No evidence of Voter fraud?

I beg to differ...

#USElection2020 https://t.co/OnoPUiSEro"
"384","RT @SubDudeLondon: I thought I was done with these @realDonaldTrump pieces but it still looks too close to call. The world desperately awai…"
